
CREATE TABLE IF NOT EXISTS `cities` (
  `id` int(11) NOT NULL AUTO_INCREMENT,
  `name` varchar(50) NOT NULL,
  `state_id` int(10) NOT NULL,
  PRIMARY KEY (`id`),
  KEY `state_id` (`state_id`)
) ENGINE=InnoDB  DEFAULT CHARSET=utf8 AUTO_INCREMENT=92 ;

INSERT INTO `cities` (`id`, `city_name`, `state_id`) VALUES
(1, 'Berlin', 18),
(2, 'Hamburg', 21),
(5, 'Frankfurt am Main', 22),
(6, 'Stuttgart', 1),
(8, 'Dortmund', 25),
(9, 'Essen', 25),
(10, 'Bremen', 20),
(11, 'Dresden', 28),
(12, 'Leipzig', 28),
(13, 'Hannover', 24),
(15, 'Duisburg', 25),
(16, 'Bochum', 25),
(17, 'Wuppertal', 25),
(18, 'Bielefeld', 25),
(19, 'Bonn', 25),
(21, 'Karlsruhe', 1),
(22, 'Mannheim', 1),
(23, 'Augsburg', 2),
(24, 'Wiesbaden', 22),
(25, 'Gelsenkirchen', 25),
(27, 'Braunschweig', 24),
(28, 'Chemnitz', 28),
(29, 'Aachen', 25),
(30, 'Kiel', 30),
(31, 'Halle Saale', 29),
(32, 'Magdeburg', 29),
(33, 'Krefeld', 25),
(34, 'Freiburg im Breisgau', 1),
(36, 'Oberhausen', 25),
(37, 'Erfurt', 31),
(38, 'Rostock', 23),
(39, 'Mainz', 26),
(40, 'Kassel', 22),
(41, 'Hagen', 25),
(43, 'Hamm', 25),
(45, 'Ludwigshafen am Rhein', 26),
(46, 'Leverkusen', 25),
(47, 'Potsdam', 19),
(48, 'Oldenburg', 24),
(50, 'Solingen', 25),
(51, 'Herne', 25),
(52, 'Neuss', 25),
(53, 'Heidelberg', 1),
(54, 'Darmstadt', 22),
(55, 'Paderborn', 25),
(56, 'Regensburg', 2),
(57, 'Ingolstadt', 2),
(59, 'Wolfsburg', 24),
(61, 'Ulm', 1),
(62, 'Heilbronn', 1),
(63, 'Offenbach am Main', 22),
(65, 'Bottrop', 25),
(66, 'Pforzheim', 1),
(67, 'Recklinghausen', 25),
(68, 'Reutlingen', 1),
(69, 'Koblenz', 26),
(70, 'Remscheid', 25),
(71, 'Bergisch Gladbach', 25),
(72, 'Bremerhaven', 20),
(73, 'Jena', 31),
(74, 'Trier', 26),
(75, 'Erlangen', 2),
(76, 'Moers', 25),
(79, 'München', 2),
(80, 'Köln', 25),
(81, 'Düsseldorf', 25),
(82, 'Nürnberg', 2),
(83, 'Münster', 25),
(84, 'Mönchengladbach', 25),
(85, 'Lübeck', 30),
(86, 'Saarbrücken', 27),
(87, 'Mülheim an der Ruhr', 25),
(88, 'Osnabrück', 24),
(89, 'Würzburg', 2),
(90, 'Fürth', 2),
(91, 'Göttingen', 24);

CREATE TABLE IF NOT EXISTS `continents` (
  `id` int(1) NOT NULL AUTO_INCREMENT,
  `continent_code` varchar(2) NOT NULL,
  `continent_name` varchar(13) NOT NULL,
  PRIMARY KEY (`id`),
  KEY `id` (`id`)
) ENGINE=InnoDB  DEFAULT CHARSET=utf8 AUTO_INCREMENT=8 ;

INSERT INTO `continents` (`id`, `continent_code`, `continent_name`) VALUES
(1, 'EU', 'Europe'),
(2, 'AF', 'Africa'),
(3, 'NA', 'North-America'),
(4, 'SA', 'South-America'),
(5, 'AS', 'Asia'),
(6, 'AN', 'Antarctica'),
(7, 'OC', 'Oceania');

CREATE TABLE IF NOT EXISTS `countries` (
  `id` int(11) NOT NULL AUTO_INCREMENT,
  `country_code` varchar(2) NOT NULL,
  `country_name` varchar(100) NOT NULL,
  `continent_id` int(2) NOT NULL,
  PRIMARY KEY (`id`),
  KEY `continent_id` (`continent_id`)
) ENGINE=InnoDB  DEFAULT CHARSET=utf8 AUTO_INCREMENT=243 ;

INSERT INTO `countries` (`id`, `country_code`, `country_name`, `continent_id`) VALUES
(1, 'US', 'United States', 3),
(2, 'CA', 'Canada', 3),
(3, 'AF', 'Afghanistan', 5),
(4, 'AL', 'Albania', 1),
(5, 'DZ', 'Algeria', 2),
(7, 'AD', 'Andorra', 1),
(8, 'AO', 'Angola', 5),
(9, 'AI', 'Anguilla', 3),
(10, 'AQ', 'Antarctica', 6),
(11, 'AG', 'Antigua and/or Barbuda', 3),
(12, 'AR', 'Argentina', 7),
(13, 'AM', 'Armenia', 5),
(14, 'AW', 'Aruba', 1),
(15, 'AU', 'Australia', 7),
(16, 'AT', 'Austria', 1),
(17, 'AZ', 'Azerbaijan', 5),
(18, 'BS', 'Bahamas', 3),
(19, 'BH', 'Bahrain', 5),
(20, 'BD', 'Bangladesh', 5),
(21, 'BB', 'Barbados', 3),
(22, 'BY', 'Belarus', 1),
(23, 'BE', 'Belgium', 1),
(24, 'BZ', 'Belize', 3),
(25, 'BJ', 'Benin', 3),
(26, 'BM', 'Bermuda', 3),
(27, 'BT', 'Bhutan', 5),
(28, 'BO', 'Bolivia', 4),
(29, 'BA', 'Bosnia and Herzegovina', 1),
(30, 'BW', 'Botswana', 2),
(31, 'BV', 'Bouvet Island', 6),
(32, 'BR', 'Brazil', 4),
(33, 'IO', 'British lndian Ocean Territory', 5),
(34, 'BN', 'Brunei Darussalam', 5),
(35, 'BG', 'Bulgaria', 1),
(36, 'BF', 'Burkina Faso', 2),
(37, 'BI', 'Burundi', 2),
(38, 'KH', 'Cambodia', 5),
(39, 'CM', 'Cameroon', 2),
(40, 'CV', 'Cape Verde', 2),
(41, 'KY', 'Cayman Islands', 3),
(42, 'CF', 'Central African Republic', 2),
(43, 'TD', 'Chad', 2),
(44, 'CL', 'Chile', 4),
(45, 'CN', 'China', 5),
(46, 'CX', 'Christmas Island', 5),
(47, 'CC', 'Cocos (Keeling) Islands', 2),
(48, 'CO', 'Colombia', 4),
(49, 'KM', 'Comoros', 2),
(50, 'CG', 'Congo', 2),
(51, 'CK', 'Cook Islands', 7),
(52, 'CR', 'Costa Rica', 3),
(53, 'HR', 'Croatia (Hrvatska)', 1),
(54, 'CU', 'Cuba', 3),
(55, 'CY', 'Cyprus', 5),
(56, 'CZ', 'Czech Republic', 1),
(57, 'DK', 'Denmark', 1),
(58, 'DJ', 'Djibouti', 2),
(59, 'DM', 'Dominica', 3),
(60, 'DO', 'Dominican Republic', 3),
(62, 'EC', 'Ecuador', 4),
(63, 'EG', 'Egypt', 2),
(64, 'SV', 'El Salvador', 3),
(65, 'GQ', 'Equatorial Guinea', 2),
(66, 'ER', 'Eritrea', 2),
(67, 'EE', 'Estonia', 1),
(68, 'ET', 'Ethiopia', 1),
(69, 'FK', 'Falkland Islands (Malvinas)', 4),
(70, 'FO', 'Faroe Islands', 1),
(71, 'FJ', 'Fiji', 7),
(72, 'FI', 'Finland', 1),
(73, 'FR', 'France', 1),
(74, 'FX', 'France, Metropolitan', 1),
(75, 'GF', 'French Guiana', 1),
(76, 'PF', 'French Polynesia', 7),
(77, 'TF', 'French Southern Territories', 6),
(78, 'GA', 'Gabon', 2),
(79, 'GM', 'Gambia', 2),
(80, 'GE', 'Georgia', 5),
(81, 'DE', 'Germany', 1),
(82, 'GH', 'Ghana', 2),
(83, 'GI', 'Gibraltar', 1),
(84, 'GR', 'Greece', 1),
(85, 'GL', 'Greenland', 3),
(86, 'GD', 'Grenada', 3),
(87, 'GP', 'Guadeloupe', 3),
(88, 'GU', 'Guam', 7),
(89, 'GT', 'Guatemala', 3),
(90, 'GN', 'Guinea', 2),
(91, 'GW', 'Guinea-Bissau', 2),
(92, 'GY', 'Guyana', 4),
(93, 'HT', 'Haiti', 3),
(94, 'HM', 'Heard and Mc Donald Islands', 6),
(95, 'HN', 'Honduras', 3),
(96, 'HK', 'Hong Kong', 5),
(97, 'HU', 'Hungary', 1),
(98, 'IS', 'Iceland', 1),
(99, 'IN', 'India', 5),
(100, 'ID', 'Indonesia', 5),
(101, 'IR', 'Iran (Islamic Republic of)', 5),
(102, 'IQ', 'Iraq', 5),
(103, 'IE', 'Ireland', 1),
(104, 'IL', 'Israel', 1),
(105, 'IT', 'Italy', 1),
(106, 'CI', 'Ivory Coast', 2),
(107, 'JM', 'Jamaica', 3),
(108, 'JP', 'Japan', 5),
(109, 'JO', 'Jordan', 5),
(110, 'KZ', 'Kazakhstan', 5),
(111, 'KE', 'Kenya', 2),
(112, 'KI', 'Kiribati', 7),
(113, 'KP', 'Korea, Democratic People''s Republic of', 5),
(114, 'KR', 'Korea, Republic of', 5),
(116, 'KW', 'Kuwait', 5),
(117, 'KG', 'Kyrgyzstan', 5),
(118, 'LA', 'Lao People''s Democratic Republic', 5),
(119, 'LV', 'Latvia', 1),
(120, 'LB', 'Lebanon', 5),
(121, 'LS', 'Lesotho', 2),
(122, 'LR', 'Liberia', 2),
(123, 'LY', 'Libyan Arab Jamahiriya', 2),
(124, 'LI', 'Liechtenstein', 1),
(125, 'LT', 'Lithuania', 1),
(126, 'LU', 'Luxembourg', 1),
(127, 'MO', 'Macau', 5),
(128, 'MK', 'Macedonia', 1),
(129, 'MG', 'Madagascar', 2),
(130, 'MW', 'Malawi', 2),
(131, 'MY', 'Malaysia', 5),
(132, 'MV', 'Maldives', 5),
(133, 'ML', 'Mali', 2),
(134, 'MT', 'Malta', 1),
(135, 'MH', 'Marshall Islands', 7),
(136, 'MQ', 'Martinique', 3),
(137, 'MR', 'Mauritania', 2),
(138, 'MU', 'Mauritius', 2),
(140, 'MX', 'Mexico', 3),
(141, 'FM', 'Micronesia, Federated States of', 7),
(142, 'MD', 'Moldova, Republic of', 1),
(143, 'MC', 'Monaco', 1),
(144, 'MN', 'Mongolia', 5),
(145, 'ME', 'Montenegro', 3),
(146, 'MS', 'Montserrat', 3),
(147, 'MA', 'Morocco', 2),
(148, 'MZ', 'Mozambique', 2),
(149, 'MM', 'Myanmar', 5),
(150, 'NA', 'Namibia', 2),
(151, 'NR', 'Nauru', 7),
(152, 'NP', 'Nepal', 5),
(153, 'NL', 'Netherlands', 1),
(154, 'AN', 'Netherlands Antilles', 3),
(155, 'NC', 'New Caledonia', 7),
(156, 'NZ', 'New Zealand', 7),
(157, 'NI', 'Nicaragua', 3),
(158, 'NE', 'Niger', 2),
(159, 'NG', 'Nigeria', 2),
(160, 'NU', 'Niue', 7),
(161, 'NF', 'Norfork Island', 7),
(162, 'MP', 'Northern Mariana Islands', 7),
(163, 'NO', 'Norway', 1),
(164, 'OM', 'Oman', 5),
(165, 'PK', 'Pakistan', 5),
(166, 'PW', 'Palau', 7),
(167, 'PA', 'Panama', 3),
(168, 'PG', 'Papua New Guinea', 7),
(169, 'PY', 'Paraguay', 4),
(170, 'PE', 'Peru', 4),
(171, 'PH', 'Philippines', 5),
(172, 'PN', 'Pitcairn', 7),
(173, 'PL', 'Poland', 1),
(174, 'PT', 'Portugal', 1),
(175, 'PR', 'Puerto Rico', 5),
(176, 'QA', 'Qatar', 5),
(177, 'RE', 'Reunion', 2),
(178, 'RO', 'Romania', 1),
(179, 'RU', 'Russian Federation', 1),
(180, 'RW', 'Rwanda', 2),
(181, 'KN', 'Saint Kitts and Nevis', 3),
(182, 'LC', 'Saint Lucia', 3),
(183, 'VC', 'Saint Vincent and the Grenadines', 3),
(184, 'WS', 'Samoa', 7),
(185, 'SM', 'San Marino', 1),
(186, 'ST', 'Sao Tome and Principe', 2),
(187, 'SA', 'Saudi Arabia', 5),
(188, 'SN', 'Senegal', 2),
(189, 'RS', 'Serbia', 1),
(190, 'SC', 'Seychelles', 2),
(191, 'SL', 'Sierra Leone', 2),
(192, 'SG', 'Singapore', 5),
(193, 'SK', 'Slovakia', 1),
(194, 'SI', 'Slovenia', 1),
(195, 'SB', 'Solomon Islands', 7),
(196, 'SO', 'Somalia', 2),
(197, 'ZA', 'South Africa', 2),
(198, 'GS', 'South Georgia South Sandwich Islands', 6),
(199, 'ES', 'Spain', 1),
(200, 'LK', 'Sri Lanka', 5),
(201, 'SH', 'St. Helena', 2),
(202, 'PM', 'St. Pierre and Miquelon', 3),
(203, 'SD', 'Sudan', 2),
(204, 'SR', 'Suriname', 4),
(205, 'SJ', 'Svalbarn and Jan Mayen Islands', 1),
(206, 'SZ', 'Swaziland', 2),
(207, 'SE', 'Sweden', 1),
(208, 'CH', 'Switzerland', 1),
(209, 'SY', 'Syrian Arab Republic', 5),
(210, 'TW', 'Taiwan', 5),
(211, 'TJ', 'Tajikistan', 5),
(212, 'TZ', 'Tanzania, United Republic of', 2),
(213, 'TH', 'Thailand', 5),
(214, 'TG', 'Togo', 2),
(215, 'TK', 'Tokelau', 5),
(216, 'TO', 'Tonga', 7),
(217, 'TT', 'Trinidad and Tobago', 3),
(218, 'TN', 'Tunisia', 2),
(219, 'TR', 'Turkey', 1),
(220, 'TM', 'Turkmenistan', 5),
(221, 'TC', 'Turks and Caicos Islands', 3),
(222, 'TV', 'Tuvalu', 7),
(223, 'UG', 'Uganda', 2),
(224, 'UA', 'Ukraine', 1),
(225, 'AE', 'United Arab Emirates', 5),
(226, 'GB', 'United Kingdom', 1),
(227, 'UM', 'United States minor outlying islands', 7),
(228, 'UY', 'Uruguay', 4),
(229, 'UZ', 'Uzbekistan', 5),
(230, 'VU', 'Vanuatu', 7),
(231, 'VA', 'Vatican City State', 1),
(232, 'VE', 'Venezuela', 4),
(233, 'VN', 'Vietnam', 5),
(234, 'VG', 'Virgin Islands (British)', 3),
(235, 'VI', 'Virgin Islands (U.S.)', 3),
(236, 'WF', 'Wallis and Futuna Islands', 7),
(237, 'EH', 'Western Sahara', 2),
(238, 'YE', 'Yemen', 2),
(241, 'ZM', 'Zambia', 2),
(242, 'ZW', 'Zimbabwe', 2);

CREATE TABLE IF NOT EXISTS `states` (
  `id` int(11) NOT NULL AUTO_INCREMENT,
  `name` varchar(22) NOT NULL,
  `country_id` int(11) NOT NULL,
  PRIMARY KEY (`id`),
  KEY `country_id` (`country_id`)
) ENGINE=InnoDB  DEFAULT CHARSET=utf8 AUTO_INCREMENT=33 ;

INSERT INTO `states` (`id`, `state_name`, `country_id`) VALUES
(1, 'Baden-Württemberg', 81),
(2, 'Bayern', 81),
(18, 'Berlin', 81),
(19, 'Brandenburg', 81),
(20, 'Bremen', 81),
(21, 'Hamburg', 81),
(22, 'Hessen', 81),
(23, 'Mecklenburg-Vorpommern', 81),
(24, 'Niedersachsen', 81),
(25, 'Nordrhein-Westfalen', 81),
(26, 'Rheinland-Pfalz', 81),
(27, 'Saarland', 81),
(28, 'Sachsen', 81),
(29, 'Sachsen-Anhalt', 81),
(30, 'Schleswig-Holstein', 81),
(31, 'Thüringen', 81);


ALTER TABLE `cities`
  ADD CONSTRAINT `cities_states` FOREIGN KEY (`state_id`) REFERENCES `states` (`id`);

ALTER TABLE `countries`
  ADD CONSTRAINT `countries_continents` FOREIGN KEY (`continent_id`) REFERENCES `continents` (`id`);

ALTER TABLE `states`
  ADD CONSTRAINT `states_countries` FOREIGN KEY (`country_id`) REFERENCES `countries` (`id`);

